<raytracer>
	<camera type="perspective">
		<position x="0" y="0" z="0"/> <!--- located at the origin -->
		<target x="0" y="0" z="-10"/> <!--- looking down the -Z axis -->
		<up x="0" y="1" z="1"/><!--- the camera's up vector -->
		<!--- Specific parameters for perspective -->
		<fovy value="45.0"/>
        <aspect value="1.33"/>
        <fdistance value="1"/>
		<!--- Retina/image dimensions -->
		<width value="800"/>
		<height value="600"/>
	</camera>
	<background type="color">
		<color r="255" g="0" b="0"/>
		<color r="0" g="255" b="0"/>
		<color r="0" g="0" b="255"/>
		<color r="100" g="100" b="100"/>
	</background>
</raytracer>